x0,x1,mx0,mx1,v, active
5.04792,0.804803,5.12086,0.795243,-6.16695,1
3.61707,0.637206,3.62442,0.532097,-4.34601,1
1.97981,3.0362,2.01548,3.09941,-5.04033,1
